"Status","Start Time","Stop Time","Duration in ms","Parent Suite","Suite","Sub Suite","Test Class","Test Method","Name","Description"
"failed","Thu Apr 11 09:16:04 GMT 2024","Thu Apr 11 09:16:04 GMT 2024","0","tests","test_first","","","","test_five",""
"passed","Thu Apr 11 09:16:05 GMT 2024","Thu Apr 11 09:16:05 GMT 2024","0","tests","test_second","","","","test_check",""
"passed","Thu Apr 11 09:16:04 GMT 2024","Thu Apr 11 09:16:05 GMT 2024","126","tests","test_second","","","","test_fact",""
"failed","Thu Apr 11 09:16:04 GMT 2024","Thu Apr 11 09:16:04 GMT 2024","1","tests","test_first","","","","test_four",""
"passed","Thu Apr 11 09:16:05 GMT 2024","Thu Apr 11 09:16:05 GMT 2024","0","tests","test_second","","","","test_check2",""
"passed","Thu Apr 11 09:16:04 GMT 2024","Thu Apr 11 09:16:04 GMT 2024","0","tests","test_first","","","","test_two",""
"passed","Thu Apr 11 09:16:05 GMT 2024","Thu Apr 11 09:16:05 GMT 2024","169","tests","test_second","","","","test_fact_list",""
"passed","Thu Apr 11 09:16:04 GMT 2024","Thu Apr 11 09:16:04 GMT 2024","0","tests","test_first","","","","test_one",""
"passed","Thu Apr 11 09:16:04 GMT 2024","Thu Apr 11 09:16:04 GMT 2024","420","tests","test_second","","","","test_breeds",""
"passed","Thu Apr 11 09:16:04 GMT 2024","Thu Apr 11 09:16:04 GMT 2024","0","tests","test_first","","","","test_three",""
